Timestamp;CO2 ppm
2023-06-22 17:01:04.806452;493
2023-06-22 17:01:05.305973;493
2023-06-22 17:01:05.800791;494
2023-06-22 17:01:06.293536;494
2023-06-22 17:01:06.802228;494
2023-06-22 17:01:07.301271;494
2023-06-22 17:01:07.805547;494
2023-06-22 17:01:08.304199;494
2023-06-22 17:01:08.799051;494
2023-06-22 17:01:09.300724;494
2023-06-22 17:01:09.801218;494
2023-06-22 17:01:10.303572;494
2023-06-22 17:01:10.805841;494
2023-06-22 17:01:11.307717;494
2023-06-22 17:01:11.799629;494
2023-06-22 17:01:12.303514;494
2023-06-22 17:01:12.796206;495
2023-06-22 17:01:13.296204;495
2023-06-22 17:01:13.797695;495
2023-06-22 17:01:14.300520;495
2023-06-22 17:01:14.798250;495
2023-06-22 17:01:15.301599;495
2023-06-22 17:01:15.802334;495
2023-06-22 17:01:16.307874;495
2023-06-22 17:01:16.808445;495
2023-06-22 17:01:17.306398;495
2023-06-22 17:01:17.807902;496
2023-06-22 17:01:18.308359;496
2023-06-22 17:01:18.793688;496
2023-06-22 17:01:19.296116;496
2023-06-22 17:01:19.805096;496
2023-06-22 17:01:20.300599;496
2023-06-22 17:01:20.802585;496
2023-06-22 17:01:21.306150;496
2023-06-22 17:01:21.797539;497
2023-06-22 17:01:22.291701;497
2023-06-22 17:01:22.798549;498
2023-06-22 17:01:23.298631;498
2023-06-22 17:01:23.798146;498
2023-06-22 17:01:24.308823;498
2023-06-22 17:01:24.808871;498
2023-06-22 17:01:25.301120;498
2023-06-22 17:01:25.805354;499
2023-06-22 17:01:26.307137;499
2023-06-22 17:01:26.807390;499
2023-06-22 17:01:27.306338;499
2023-06-22 17:01:27.794687;500
2023-06-22 17:01:28.304184;500
2023-06-22 17:01:28.800469;501
2023-06-22 17:01:29.305611;501
2023-06-22 17:01:29.805067;502
2023-06-22 17:01:30.309228;502
2023-06-22 17:01:30.804269;503
2023-06-22 17:01:31.296945;503
2023-06-22 17:01:31.803175;504
2023-06-22 17:01:32.302779;504
2023-06-22 17:01:32.807670;506
2023-06-22 17:01:33.307363;506
2023-06-22 17:01:33.807832;507
2023-06-22 17:01:34.295651;507
2023-06-22 17:01:34.804966;509
2023-06-22 17:01:35.307074;509
2023-06-22 17:01:35.792525;510
2023-06-22 17:01:36.298577;510
2023-06-22 17:01:36.796322;511
2023-06-22 17:01:37.304203;511
2023-06-22 17:01:37.798694;517
2023-06-22 17:01:38.302546;517
2023-06-22 17:01:38.808242;527
2023-06-22 17:01:39.299213;527
2023-06-22 17:01:39.795291;1507
2023-06-22 17:01:40.304810;1507
2023-06-22 17:01:40.795668;2624
2023-06-22 17:01:41.307717;2624
2023-06-22 17:01:41.807465;2625
2023-06-22 17:01:42.301867;2625
2023-06-22 17:01:42.801800;2627
2023-06-22 17:01:43.302613;2627
2023-06-22 17:01:43.805623;2626
2023-06-22 17:01:44.309436;2626
2023-06-22 17:01:44.810083;2626
2023-06-22 17:01:45.294717;2626
2023-06-22 17:01:45.797531;2626
2023-06-22 17:01:46.298928;2626
2023-06-22 17:01:46.801131;2625
2023-06-22 17:01:47.302478;2625
2023-06-22 17:01:47.808393;2586
2023-06-22 17:01:48.308043;2586
2023-06-22 17:01:48.807577;2376
2023-06-22 17:01:49.302031;2376
2023-06-22 17:01:49.810973;2103
2023-06-22 17:01:50.309594;2103
2023-06-22 17:01:50.803148;1962
2023-06-22 17:01:51.310576;1962
2023-06-22 17:01:51.804511;1883
2023-06-22 17:01:52.304747;1883
2023-06-22 17:01:52.806997;1805
2023-06-22 17:01:53.306533;1805
2023-06-22 17:01:53.807888;1730
2023-06-22 17:01:54.309119;1730
2023-06-22 17:01:54.808409;1659
2023-06-22 17:01:55.308381;1659
2023-06-22 17:01:55.808278;1583
2023-06-22 17:01:56.311750;1583
2023-06-22 17:01:56.805967;1513
2023-06-22 17:01:57.302690;1513
2023-06-22 17:01:57.799772;1513
2023-06-22 17:01:58.296684;1450
2023-06-22 17:01:58.803761;1450
2023-06-22 17:01:59.297480;1394
2023-06-22 17:01:59.796101;1394
2023-06-22 17:02:00.297755;1342
2023-06-22 17:02:00.802667;1342
2023-06-22 17:02:01.300067;1285
2023-06-22 17:02:01.799754;1285
2023-06-22 17:02:02.302131;1235
2023-06-22 17:02:02.802841;1235
2023-06-22 17:02:03.312530;1193
2023-06-22 17:02:03.803981;1193
2023-06-22 17:02:04.300523;1158
2023-06-22 17:02:04.804155;1158
2023-06-22 17:02:05.305165;1120
2023-06-22 17:02:05.801190;1120
2023-06-22 17:02:06.301635;1084
2023-06-22 17:02:06.799001;1084
2023-06-22 17:02:07.302994;1051
2023-06-22 17:02:07.802886;1051
2023-06-22 17:02:08.302954;1015
2023-06-22 17:02:08.803019;1015
2023-06-22 17:02:09.303915;991
2023-06-22 17:02:09.802593;991
2023-06-22 17:02:10.305736;970
2023-06-22 17:02:10.802708;970
2023-06-22 17:02:11.299962;949
2023-06-22 17:02:11.804106;949
2023-06-22 17:02:12.305507;927
2023-06-22 17:02:12.809881;927
2023-06-22 17:02:13.302930;906
2023-06-22 17:02:13.798542;906
2023-06-22 17:02:14.306807;890
2023-06-22 17:02:14.804444;890
2023-06-22 17:02:15.303709;873
2023-06-22 17:02:15.805106;873
2023-06-22 17:02:16.301881;856
2023-06-22 17:02:16.798090;856
2023-06-22 17:02:17.307337;839
2023-06-22 17:02:17.803345;839
2023-06-22 17:02:18.303423;824
2023-06-22 17:02:18.812616;824
2023-06-22 17:02:19.301138;811
2023-06-22 17:02:19.798959;811
2023-06-22 17:02:20.303218;798
2023-06-22 17:02:20.803919;798
2023-06-22 17:02:21.304109;787
2023-06-22 17:02:21.801296;787
2023-06-22 17:02:22.300886;775
2023-06-22 17:02:22.803646;775
2023-06-22 17:02:23.298709;764
2023-06-22 17:02:23.802883;764
2023-06-22 17:02:24.303349;754
2023-06-22 17:02:24.802104;754
2023-06-22 17:02:25.312443;746
2023-06-22 17:02:25.803115;746
2023-06-22 17:02:26.312715;738
2023-06-22 17:02:26.797036;738
2023-06-22 17:02:27.298559;731
2023-06-22 17:02:27.801581;731
2023-06-22 17:02:28.298662;722
2023-06-22 17:02:28.804290;722
2023-06-22 17:02:29.303107;714
2023-06-22 17:02:29.810408;714
2023-06-22 17:02:30.309415;706
2023-06-22 17:02:30.810071;706
2023-06-22 17:02:31.298830;700
2023-06-22 17:02:31.803130;700
2023-06-22 17:02:32.312825;692
2023-06-22 17:02:32.812508;692
2023-06-22 17:02:33.312563;685
2023-06-22 17:02:33.812681;685
2023-06-22 17:02:34.312523;679
2023-06-22 17:02:34.806957;679
2023-06-22 17:02:35.307636;674
2023-06-22 17:02:35.808260;674
2023-06-22 17:02:36.309042;668
2023-06-22 17:02:36.805987;668
2023-06-22 17:02:37.300957;664
2023-06-22 17:02:37.803777;664
2023-06-22 17:02:38.308372;661
2023-06-22 17:02:38.799932;661
2023-06-22 17:02:39.312708;660
2023-06-22 17:02:39.813068;660
2023-06-22 17:02:40.312507;657
2023-06-22 17:02:40.799710;657
2023-06-22 17:02:41.308000;656
2023-06-22 17:02:41.812477;656
2023-06-22 17:02:42.300046;654
2023-06-22 17:02:42.803172;654
2023-06-22 17:02:43.306478;653
2023-06-22 17:02:43.809339;653
2023-06-22 17:02:44.304144;652
2023-06-22 17:02:44.804383;652
2023-06-22 17:02:45.306326;649
2023-06-22 17:02:45.798974;649
2023-06-22 17:02:46.313755;647
2023-06-22 17:02:46.800853;647
2023-06-22 17:02:47.312781;645
2023-06-22 17:02:47.798525;645
2023-06-22 17:02:48.303755;643
2023-06-22 17:02:48.812658;643
2023-06-22 17:02:49.306612;640
2023-06-22 17:02:49.803830;640
2023-06-22 17:02:50.303741;637
2023-06-22 17:02:50.807585;637
2023-06-22 17:02:51.305804;634
2023-06-22 17:02:51.799984;634
2023-06-22 17:02:52.302292;632
2023-06-22 17:02:52.797942;632
2023-06-22 17:02:53.312661;629
2023-06-22 17:02:53.812470;629
2023-06-22 17:02:54.312543;627
2023-06-22 17:02:54.799860;627
2023-06-22 17:02:55.312525;625
2023-06-22 17:02:55.800795;625
2023-06-22 17:02:56.301149;624
2023-06-22 17:02:56.799388;624
2023-06-22 17:02:57.311521;622
2023-06-22 17:02:57.798142;622
2023-06-22 17:02:58.300394;621
2023-06-22 17:02:58.803017;621
2023-06-22 17:02:59.300038;620
2023-06-22 17:02:59.815023;620
2023-06-22 17:03:00.312967;619
2023-06-22 17:03:00.812998;619
2023-06-22 17:03:01.304094;617
2023-06-22 17:03:01.803615;617
2023-06-22 17:03:02.310016;616
2023-06-22 17:03:02.812922;616
2023-06-22 17:03:03.312757;615
2023-06-22 17:03:03.812747;615
2023-06-22 17:03:04.312480;614
2023-06-22 17:03:04.799249;614
2023-06-22 17:03:05.300627;612
2023-06-22 17:03:05.799697;612
2023-06-22 17:03:06.307212;610
2023-06-22 17:03:06.801920;610
2023-06-22 17:03:07.312772;609
2023-06-22 17:03:07.810481;609
2023-06-22 17:03:08.303845;607
2023-06-22 17:03:08.813001;607
2023-06-22 17:03:09.312830;604
2023-06-22 17:03:09.812735;604
2023-06-22 17:03:10.303250;601
2023-06-22 17:03:10.812666;601
2023-06-22 17:03:11.305099;601
2023-06-22 17:03:11.812568;601
2023-06-22 17:03:12.307547;600
2023-06-22 17:03:12.812408;600
2023-06-22 17:03:13.310601;598
2023-06-22 17:03:13.811603;598
2023-06-22 17:03:14.313054;597
2023-06-22 17:03:14.813668;597
2023-06-22 17:03:15.303083;595
2023-06-22 17:03:15.814507;595
2023-06-22 17:03:16.301087;593
2023-06-22 17:03:16.814141;593
2023-06-22 17:03:17.312533;591
2023-06-22 17:03:17.813141;591
2023-06-22 17:03:18.312702;589
2023-06-22 17:03:18.801636;589
2023-06-22 17:03:19.312830;587
2023-06-22 17:03:19.799257;587
2023-06-22 17:03:20.305229;587
2023-06-22 17:03:20.812544;587
2023-06-22 17:03:21.312607;585
2023-06-22 17:03:21.812666;585
2023-06-22 17:03:22.312860;583
2023-06-22 17:03:22.812981;583
2023-06-22 17:03:23.312666;581
2023-06-22 17:03:23.806149;581
2023-06-22 17:03:24.312383;579
2023-06-22 17:03:24.812988;579
2023-06-22 17:03:25.313040;578
2023-06-22 17:03:25.798949;578
2023-06-22 17:03:26.313053;576
2023-06-22 17:03:26.812811;576
2023-06-22 17:03:27.304440;574
2023-06-22 17:03:27.812605;574
2023-06-22 17:03:28.304849;573
2023-06-22 17:03:28.801733;573
2023-06-22 17:03:29.315375;572
2023-06-22 17:03:29.815080;572
2023-06-22 17:03:30.314566;570
2023-06-22 17:03:30.812411;570
2023-06-22 17:03:31.312607;570
2023-06-22 17:03:31.805284;570
2023-06-22 17:03:32.312531;568
2023-06-22 17:03:32.812662;568
2023-06-22 17:03:33.313220;568
2023-06-22 17:03:33.812615;568
2023-06-22 17:03:34.312563;565
2023-06-22 17:03:34.812482;565
2023-06-22 17:03:35.315802;565
2023-06-22 17:03:35.803017;565
2023-06-22 17:03:36.305010;564
2023-06-22 17:03:36.800984;564
2023-06-22 17:03:37.305063;563
2023-06-22 17:03:37.814179;563
2023-06-22 17:03:38.312912;561
2023-06-22 17:03:38.812949;561
2023-06-22 17:03:39.312959;561
2023-06-22 17:03:39.801567;561
2023-06-22 17:03:40.306453;558
2023-06-22 17:03:40.806142;558
2023-06-22 17:03:41.312999;557
2023-06-22 17:03:41.801264;557
2023-06-22 17:03:42.314449;556
2023-06-22 17:03:42.812778;556
2023-06-22 17:03:43.315581;556
2023-06-22 17:03:43.803046;556
2023-06-22 17:03:44.312451;555
2023-06-22 17:03:44.812702;555
2023-06-22 17:03:45.302926;555
2023-06-22 17:03:45.812927;555
2023-06-22 17:03:46.312594;554
2023-06-22 17:03:46.802320;554
2023-06-22 17:03:47.312437;553
2023-06-22 17:03:47.812784;553
2023-06-22 17:03:48.312617;551
2023-06-22 17:03:48.812779;551
2023-06-22 17:03:49.312538;550
2023-06-22 17:03:49.816523;550
2023-06-22 17:03:50.312806;550
2023-06-22 17:03:50.812775;550
2023-06-22 17:03:51.312354;550
2023-06-22 17:03:51.812488;549
2023-06-22 17:03:52.307173;549
2023-06-22 17:03:52.812802;548
2023-06-22 17:03:53.314403;548
2023-06-22 17:03:53.811574;547
2023-06-22 17:03:54.312457;547
2023-06-22 17:03:54.813710;547
2023-06-22 17:03:55.317324;547
2023-06-22 17:03:55.817715;545
2023-06-22 17:03:56.312630;545
2023-06-22 17:03:56.812750;545
2023-06-22 17:03:57.315383;545
2023-06-22 17:03:57.812754;544
2023-06-22 17:03:58.305215;544
2023-06-22 17:03:58.812751;543
2023-06-22 17:03:59.312465;543
2023-06-22 17:03:59.812393;542
2023-06-22 17:04:00.312628;542
2023-06-22 17:04:00.812706;541
2023-06-22 17:04:01.312694;541
2023-06-22 17:04:01.817570;541
2023-06-22 17:04:02.312809;541
2023-06-22 17:04:02.812322;540
2023-06-22 17:04:03.312915;540
2023-06-22 17:04:03.803091;539
2023-06-22 17:04:04.305443;539
2023-06-22 17:04:04.802091;539
2023-06-22 17:04:05.312557;539
2023-06-22 17:04:05.806302;538
2023-06-22 17:04:06.302319;538
2023-06-22 17:04:06.803925;537
2023-06-22 17:04:07.304696;537
2023-06-22 17:04:07.807033;536
2023-06-22 17:04:08.312708;536
2023-06-22 17:04:08.819037;536
2023-06-22 17:04:09.312512;536
2023-06-22 17:04:09.818535;535
2023-06-22 17:04:10.317570;535
2023-06-22 17:04:10.804222;534
2023-06-22 17:04:11.312667;534
2023-06-22 17:04:11.813794;534
2023-06-22 17:04:12.312702;534
2023-06-22 17:04:12.815773;534
2023-06-22 17:04:13.312563;534
2023-06-22 17:04:13.802924;533
2023-06-22 17:04:14.312551;533
2023-06-22 17:04:14.812412;533
2023-06-22 17:04:15.303750;533
2023-06-22 17:04:15.818776;533
2023-06-22 17:04:16.318843;533
2023-06-22 17:04:16.812612;533
2023-06-22 17:04:17.316837;533
2023-06-22 17:04:17.803438;532
2023-06-22 17:04:18.312999;532
2023-06-22 17:04:18.812859;532
2023-06-22 17:04:19.312374;532
2023-06-22 17:04:19.812569;531
2023-06-22 17:04:20.306250;531
2023-06-22 17:04:20.805199;530
2023-06-22 17:04:21.304218;530
2023-06-22 17:04:21.812465;530
2023-06-22 17:04:22.312789;530
2023-06-22 17:04:22.817656;530
2023-06-22 17:04:23.317945;530
2023-06-22 17:04:23.818552;529
2023-06-22 17:04:24.305683;529
2023-06-22 17:04:24.817571;529
2023-06-22 17:04:25.316279;529
2023-06-22 17:04:25.814307;529
2023-06-22 17:04:26.302083;529
2023-06-22 17:04:26.817017;528
2023-06-22 17:04:27.312385;528
2023-06-22 17:04:27.815985;528
2023-06-22 17:04:28.314683;528
2023-06-22 17:04:28.816242;528
2023-06-22 17:04:29.315620;528
2023-06-22 17:04:29.819221;528
2023-06-22 17:04:30.319147;528
2023-06-22 17:04:30.819025;527
2023-06-22 17:04:31.318732;527
2023-06-22 17:04:31.817412;527
2023-06-22 17:04:32.318646;527
2023-06-22 17:04:32.817196;526
2023-06-22 17:04:33.314808;526
2023-06-22 17:04:33.805449;526
2023-06-22 17:04:34.312573;526
2023-06-22 17:04:34.817934;525
2023-06-22 17:04:35.317042;525
2023-06-22 17:04:35.815917;525
2023-06-22 17:04:36.315583;525
2023-06-22 17:04:36.816529;525
2023-06-22 17:04:37.317860;525
2023-06-22 17:04:37.818104;525
2023-06-22 17:04:38.319338;525
2023-06-22 17:04:38.816901;524
2023-06-22 17:04:39.316272;524
2023-06-22 17:04:39.815767;524
2023-06-22 17:04:40.303031;524
2023-06-22 17:04:40.816689;524
2023-06-22 17:04:41.312552;524
2023-06-22 17:04:41.812721;524
2023-06-22 17:04:42.316841;524
2023-06-22 17:04:42.816450;523
2023-06-22 17:04:43.316866;523
2023-06-22 17:04:43.817778;523
2023-06-22 17:04:44.316557;523
2023-06-22 17:04:44.819751;523
2023-06-22 17:04:45.304113;523
2023-06-22 17:04:45.817676;523
2023-06-22 17:04:46.319128;523
2023-06-22 17:04:46.817978;522
2023-06-22 17:04:47.318265;522
2023-06-22 17:04:47.817062;523
2023-06-22 17:04:48.317375;523
2023-06-22 17:04:48.815205;522
2023-06-22 17:04:49.317470;522
2023-06-22 17:04:49.817278;523
2023-06-22 17:04:50.318666;523
2023-06-22 17:04:50.814522;521
2023-06-22 17:04:51.317625;521
2023-06-22 17:04:51.816761;521
2023-06-22 17:04:52.312542;521
2023-06-22 17:04:52.805622;521
2023-06-22 17:04:53.318916;521
2023-06-22 17:04:53.818517;521
2023-06-22 17:04:54.318091;521
2023-06-22 17:04:54.812871;521
2023-06-22 17:04:55.312791;521
2023-06-22 17:04:55.805541;521
2023-06-22 17:04:56.312523;521
2023-06-22 17:04:56.812933;521
2023-06-22 17:04:57.312553;521
2023-06-22 17:04:57.819028;520
2023-06-22 17:04:58.318975;520
2023-06-22 17:04:58.818256;520
2023-06-22 17:04:59.319084;520
2023-06-22 17:04:59.818817;520
2023-06-22 17:05:00.319587;520
2023-06-22 17:05:00.818214;520
2023-06-22 17:05:01.319223;520
2023-06-22 17:05:01.819130;520
2023-06-22 17:05:02.318522;520
2023-06-22 17:05:02.812740;519
2023-06-22 17:05:03.312569;519
2023-06-22 17:05:03.821634;519
2023-06-22 17:05:04.321537;519
2023-06-22 17:05:04.820306;519
2023-06-22 17:05:05.320172;519
2023-06-22 17:05:05.818805;519
2023-06-22 17:05:06.320047;519
2023-06-22 17:05:06.818196;519
2023-06-22 17:05:07.312541;519
2023-06-22 17:05:07.807568;519
2023-06-22 17:05:08.312502;519
2023-06-22 17:05:08.812681;520
2023-06-22 17:05:09.306436;520
2023-06-22 17:05:09.813057;521
2023-06-22 17:05:10.318974;521
2023-06-22 17:05:10.812983;520
2023-06-22 17:05:11.321981;520
2023-06-22 17:05:11.818645;520
2023-06-22 17:05:12.319406;520
2023-06-22 17:05:12.820858;519
2023-06-22 17:05:13.320026;519
2023-06-22 17:05:13.819847;519
2023-06-22 17:05:14.320487;519
2023-06-22 17:05:14.817899;519
2023-06-22 17:05:15.305867;519
2023-06-22 17:05:15.806828;519
2023-06-22 17:05:16.316202;519
2023-06-22 17:05:16.817540;519
2023-06-22 17:05:17.316528;519
2023-06-22 17:05:17.821709;520
2023-06-22 17:05:18.321848;520
2023-06-22 17:05:18.822052;520
2023-06-22 17:05:19.321849;520
2023-06-22 17:05:19.817692;520
2023-06-22 17:05:20.317807;520
2023-06-22 17:05:20.817989;520
2023-06-22 17:05:21.312659;520
2023-06-22 17:05:21.812545;521
2023-06-22 17:05:22.319847;521
2023-06-22 17:05:22.812812;520
2023-06-22 17:05:23.307375;520
2023-06-22 17:05:23.815721;521
2023-06-22 17:05:24.313282;521
2023-06-22 17:05:24.822314;521
2023-06-22 17:05:25.319799;521
2023-06-22 17:05:25.817237;521
2023-06-22 17:05:26.321399;521
2023-06-22 17:05:26.817237;521
2023-06-22 17:05:27.318521;521
2023-06-22 17:05:27.816763;520
2023-06-22 17:05:28.316731;520
2023-06-22 17:05:28.818881;520
2023-06-22 17:05:29.320662;520
2023-06-22 17:05:29.818093;521
2023-06-22 17:05:30.319242;521
2023-06-22 17:05:30.819256;521
2023-06-22 17:05:31.316163;521
2023-06-22 17:05:31.821905;521
2023-06-22 17:05:32.320308;521
2023-06-22 17:05:32.812492;522
2023-06-22 17:05:33.322368;522
2023-06-22 17:05:33.818368;521
2023-06-22 17:05:34.320819;521
2023-06-22 17:05:34.813539;522
2023-06-22 17:05:35.320237;522
2023-06-22 17:05:35.816602;522
2023-06-22 17:05:36.319977;522
2023-06-22 17:05:36.813655;522
2023-06-22 17:05:37.317619;522
2023-06-22 17:05:37.809851;522
2023-06-22 17:05:38.318688;522
2023-06-22 17:05:38.821673;522
2023-06-22 17:05:39.322497;522
2023-06-22 17:05:39.817871;523
2023-06-22 17:05:40.321780;523
2023-06-22 17:05:40.821041;523
2023-06-22 17:05:41.317901;523
2023-06-22 17:05:41.821843;523
2023-06-22 17:05:42.320651;523
2023-06-22 17:05:42.818161;523
2023-06-22 17:05:43.317048;524
2023-06-22 17:05:43.820316;524
2023-06-22 17:05:44.319831;524
2023-06-22 17:05:44.820560;524
2023-06-22 17:05:45.322070;524
2023-06-22 17:05:45.821874;524
2023-06-22 17:05:46.322120;524
2023-06-22 17:05:46.821768;524
2023-06-22 17:05:47.319308;525
2023-06-22 17:05:47.818285;525
2023-06-22 17:05:48.321187;524
2023-06-22 17:05:48.822640;524
2023-06-22 17:05:49.319812;524
2023-06-22 17:05:49.817851;524
2023-06-22 17:05:50.318841;524
2023-06-22 17:05:50.819687;524
2023-06-22 17:05:51.318719;524
2023-06-22 17:05:51.811079;524
2023-06-22 17:05:52.320217;524
2023-06-22 17:05:52.818009;524
2023-06-22 17:05:53.322742;524
2023-06-22 17:05:53.809219;524
2023-06-22 17:05:54.313544;524
2023-06-22 17:05:54.822951;524
2023-06-22 17:05:55.322128;524
2023-06-22 17:05:55.822197;524
2023-06-22 17:05:56.322575;524
2023-06-22 17:05:56.821054;524
2023-06-22 17:05:57.320744;525
2023-06-22 17:05:57.821264;525
2023-06-22 17:05:58.320688;524
2023-06-22 17:05:58.814467;524
2023-06-22 17:05:59.316519;524
2023-06-22 17:05:59.822215;524
2023-06-22 17:06:00.323339;524
2023-06-22 17:06:00.823702;524
2023-06-22 17:06:01.323862;525
2023-06-22 17:06:01.823431;525
2023-06-22 17:06:02.322800;525
2023-06-22 17:06:02.822410;525
2023-06-22 17:06:03.322365;526
2023-06-22 17:06:03.821715;526
2023-06-22 17:06:04.312630;526
2023-06-22 17:06:04.821667;526
2023-06-22 17:06:05.321240;526
2023-06-22 17:06:05.820749;526
2023-06-22 17:06:06.325201;526
2023-06-22 17:06:06.821810;526
2023-06-22 17:06:07.319933;527
2023-06-22 17:06:07.812062;527
2023-06-22 17:06:08.318818;527
2023-06-22 17:06:08.822699;527
2023-06-22 17:06:09.315522;527
2023-06-22 17:06:09.820427;527
2023-06-22 17:06:10.314945;527
2023-06-22 17:06:10.821966;527
2023-06-22 17:06:11.323097;528
2023-06-22 17:06:11.810338;528
2023-06-22 17:06:12.319668;528
2023-06-22 17:06:12.819565;528
2023-06-22 17:06:13.324510;528
2023-06-22 17:06:13.825665;528
2023-06-22 17:06:14.322824;528
2023-06-22 17:06:14.820805;528
2023-06-22 17:06:15.312385;528
2023-06-22 17:06:15.823595;528
2023-06-22 17:06:16.323390;528
2023-06-22 17:06:16.816706;528
2023-06-22 17:06:17.321943;529
2023-06-22 17:06:17.821400;529
2023-06-22 17:06:18.320481;530
2023-06-22 17:06:18.822249;530
2023-06-22 17:06:19.311263;530
2023-06-22 17:06:19.825624;530
2023-06-22 17:06:20.325871;530
2023-06-22 17:06:20.825723;530
2023-06-22 17:06:21.318278;529
2023-06-22 17:06:21.824506;529
2023-06-22 17:06:22.325001;530
2023-06-22 17:06:22.810970;530
2023-06-22 17:06:23.324188;530
2023-06-22 17:06:23.822446;530
2023-06-22 17:06:24.323455;530
2023-06-22 17:06:24.823812;530
2023-06-22 17:06:25.323075;531
2023-06-22 17:06:25.814970;531
2023-06-22 17:06:26.312380;530
2023-06-22 17:06:26.821492;530
2023-06-22 17:06:27.324284;530
2023-06-22 17:06:27.818973;530
2023-06-22 17:06:28.322937;530
2023-06-22 17:06:28.823694;530
2023-06-22 17:06:29.324223;530
2023-06-22 17:06:29.825017;530
2023-06-22 17:06:30.324050;530
2023-06-22 17:06:30.824239;530
2023-06-22 17:06:31.324001;530
2023-06-22 17:06:31.823142;530
2023-06-22 17:06:32.323226;530
2023-06-22 17:06:32.822811;530
2023-06-22 17:06:33.323073;530
2023-06-22 17:06:33.826486;530
2023-06-22 17:06:34.326566;531
2023-06-22 17:06:34.825332;531
2023-06-22 17:06:35.325860;531
2023-06-22 17:06:35.825303;531
2023-06-22 17:06:36.324638;531
2023-06-22 17:06:36.823493;531
2023-06-22 17:06:37.324932;531
2023-06-22 17:06:37.825090;531
2023-06-22 17:06:38.324439;531
2023-06-22 17:06:38.823890;531
2023-06-22 17:06:39.323699;531
2023-06-22 17:06:39.823307;531
2023-06-22 17:06:40.322581;531
2023-06-22 17:06:40.825964;531
2023-06-22 17:06:41.326773;531
2023-06-22 17:06:41.824537;531
2023-06-22 17:06:42.326450;532
2023-06-22 17:06:42.820251;532
2023-06-22 17:06:43.325527;531
2023-06-22 17:06:43.824975;531
2023-06-22 17:06:44.322656;531
2023-06-22 17:06:44.821643;531
2023-06-22 17:06:45.324820;532
2023-06-22 17:06:45.821925;532
2023-06-22 17:06:46.324414;532
2023-06-22 17:06:46.818967;532
2023-06-22 17:06:47.320027;532
2023-06-22 17:06:47.827539;532
2023-06-22 17:06:48.322031;532
2023-06-22 17:06:48.822972;532
2023-06-22 17:06:49.323948;531
2023-06-22 17:06:49.825801;531
2023-06-22 17:06:50.321628;531
2023-06-22 17:06:50.825973;531
2023-06-22 17:06:51.325383;531
2023-06-22 17:06:51.825153;531
2023-06-22 17:06:52.320308;531
2023-06-22 17:06:52.815974;531
2023-06-22 17:06:53.324449;531
2023-06-22 17:06:53.822373;531
2023-06-22 17:06:54.320102;531
2023-06-22 17:06:54.820256;531
2023-06-22 17:06:55.318758;531
2023-06-22 17:06:55.827067;531
2023-06-22 17:06:56.322488;531
2023-06-22 17:06:56.823267;531
2023-06-22 17:06:57.322904;531
2023-06-22 17:06:57.825886;531
2023-06-22 17:06:58.323026;531
2023-06-22 17:06:58.817640;531
2023-06-22 17:06:59.322276;531
2023-06-22 17:06:59.824343;531
2023-06-22 17:07:00.324908;530
2023-06-22 17:07:00.824535;530
2023-06-22 17:07:01.327753;530
2023-06-22 17:07:01.825738;530
2023-06-22 17:07:02.315851;530
2023-06-22 17:07:02.819337;530
2023-06-22 17:07:03.322739;529
2023-06-22 17:07:03.823742;529
2023-06-22 17:07:04.318790;529
2023-06-22 17:07:04.825901;529
2023-06-22 17:07:05.324248;529
2023-06-22 17:07:05.826272;529
2023-06-22 17:07:06.325652;530
2023-06-22 17:07:06.819013;530
2023-06-22 17:07:07.325240;529
2023-06-22 17:07:07.813490;529
2023-06-22 17:07:08.319297;529
2023-06-22 17:07:08.813197;529
2023-06-22 17:07:09.322540;529
2023-06-22 17:07:09.825692;529
2023-06-22 17:07:10.327569;529
2023-06-22 17:07:10.821691;529
2023-06-22 17:07:11.319830;528
2023-06-22 17:07:11.827049;528
2023-06-22 17:07:12.326714;528
2023-06-22 17:07:12.814688;528
2023-06-22 17:07:13.326191;528
2023-06-22 17:07:13.825951;528
2023-06-22 17:07:14.325281;528
2023-06-22 17:07:14.825232;528
2023-06-22 17:07:15.328487;527
2023-06-22 17:07:15.827207;527
2023-06-22 17:07:16.328246;528
2023-06-22 17:07:16.828891;528
2023-06-22 17:07:17.327500;527
2023-06-22 17:07:17.827234;527
2023-06-22 17:07:18.327357;527
2023-06-22 17:07:18.826758;527
2023-06-22 17:07:19.326195;527
2023-06-22 17:07:19.826048;527
2023-06-22 17:07:20.325469;526
2023-06-22 17:07:20.826030;526
2023-06-22 17:07:21.325968;526
2023-06-22 17:07:21.829427;526
2023-06-22 17:07:22.328381;526
2023-06-22 17:07:22.825728;526
2023-06-22 17:07:23.328830;526
2023-06-22 17:07:23.827677;526
2023-06-22 17:07:24.328244;526
2023-06-22 17:07:24.827215;526
2023-06-22 17:07:25.327982;526
2023-06-22 17:07:25.826809;526
2023-06-22 17:07:26.327495;526
2023-06-22 17:07:26.824058;526
2023-06-22 17:07:27.326721;526
2023-06-22 17:07:27.825044;526
2023-06-22 17:07:28.326334;526
2023-06-22 17:07:28.828981;526
2023-06-22 17:07:29.328746;526
2023-06-22 17:07:29.828476;525
2023-06-22 17:07:30.323505;525
2023-06-22 17:07:30.829085;525
2023-06-22 17:07:31.328378;525
2023-06-22 17:07:31.828257;524
2023-06-22 17:07:32.328612;524
2023-06-22 17:07:32.828276;524
2023-06-22 17:07:33.327808;524
2023-06-22 17:07:33.827679;524
2023-06-22 17:07:34.327215;524
2023-06-22 17:07:34.826877;525
2023-06-22 17:07:35.326519;525
2023-06-22 17:07:35.830357;525
2023-06-22 17:07:36.330451;525
2023-06-22 17:07:36.817138;525
2023-06-22 17:07:37.318109;525
2023-06-22 17:07:37.828800;524
2023-06-22 17:07:38.328917;524
2023-06-22 17:07:38.821301;524
2023-06-22 17:07:39.328388;524
2023-06-22 17:07:39.827358;523
2023-06-22 17:07:40.327240;523
2023-06-22 17:07:40.822605;523
2023-06-22 17:07:41.322537;523
2023-06-22 17:07:41.825452;522
2023-06-22 17:07:42.321077;522
2023-06-22 17:07:42.825804;523
2023-06-22 17:07:43.325531;523
2023-06-22 17:07:43.825781;522
2023-06-22 17:07:44.327800;522
2023-06-22 17:07:44.822118;522
2023-06-22 17:07:45.329676;522
2023-06-22 17:07:45.816380;521
2023-06-22 17:07:46.320515;521
2023-06-22 17:07:46.817109;521
2023-06-22 17:07:47.327812;521
2023-06-22 17:07:47.821645;521
2023-06-22 17:07:48.324577;521
2023-06-22 17:07:48.821899;521
2023-06-22 17:07:49.322596;521
2023-06-22 17:07:49.820935;521
2023-06-22 17:07:50.328286;521
2023-06-22 17:07:50.830058;521
2023-06-22 17:07:51.330082;521
2023-06-22 17:07:51.825732;521
2023-06-22 17:07:52.329576;521
2023-06-22 17:07:52.828172;521
2023-06-22 17:07:53.324493;521
2023-06-22 17:07:53.827078;520
2023-06-22 17:07:54.314696;520
2023-06-22 17:07:54.828199;520
2023-06-22 17:07:55.318816;520
2023-06-22 17:07:55.827003;519
2023-06-22 17:07:56.327333;519
2023-06-22 17:07:56.830513;519
2023-06-22 17:07:57.331402;519
2023-06-22 17:07:57.830878;519
2023-06-22 17:07:58.330869;519
2023-06-22 17:07:58.829905;519
2023-06-22 17:07:59.329426;519
2023-06-22 17:07:59.829188;518
2023-06-22 17:08:00.327558;518
2023-06-22 17:08:00.828427;518
2023-06-22 17:08:01.328764;518
2023-06-22 17:08:01.828860;518
2023-06-22 17:08:02.328694;518
2023-06-22 17:08:02.828392;518
2023-06-22 17:08:03.327165;518
2023-06-22 17:08:03.831523;517
2023-06-22 17:08:04.328162;517
2023-06-22 17:08:04.826098;518
2023-06-22 17:08:05.322610;518
2023-06-22 17:08:05.818619;517
2023-06-22 17:08:06.321133;517
2023-06-22 17:08:06.823021;517
2023-06-22 17:08:07.330223;517
2023-06-22 17:08:07.829459;516
2023-06-22 17:08:08.328986;516
2023-06-22 17:08:08.820679;516
2023-06-22 17:08:09.322885;516
2023-06-22 17:08:09.820796;515
2023-06-22 17:08:10.324932;515
2023-06-22 17:08:10.822609;515
2023-06-22 17:08:11.326903;515
2023-06-22 17:08:11.831095;515
2023-06-22 17:08:12.327398;515
2023-06-22 17:08:12.831188;515
2023-06-22 17:08:13.318721;515
2023-06-22 17:08:13.818654;515
2023-06-22 17:08:14.327370;515
2023-06-22 17:08:14.829251;515
2023-06-22 17:08:15.319129;515
2023-06-22 17:08:15.828517;514
2023-06-22 17:08:16.327345;514
2023-06-22 17:08:16.829040;514
2023-06-22 17:08:17.327759;514
2023-06-22 17:08:17.819410;515
2023-06-22 17:08:18.322594;515
2023-06-22 17:08:18.830982;515
2023-06-22 17:08:19.323059;515
2023-06-22 17:08:19.824606;515
2023-06-22 17:08:20.323764;515
2023-06-22 17:08:20.830446;515
2023-06-22 17:08:21.330388;515
2023-06-22 17:08:21.830565;515
2023-06-22 17:08:22.324145;515
2023-06-22 17:08:22.822413;515
2023-06-22 17:08:23.326401;515
2023-06-22 17:08:23.829175;515
2023-06-22 17:08:24.323548;515
2023-06-22 17:08:24.826319;515
2023-06-22 17:08:25.322096;515
2023-06-22 17:08:25.822799;514
2023-06-22 17:08:26.323448;514
2023-06-22 17:08:26.818502;514
2023-06-22 17:08:27.328662;514
2023-06-22 17:08:27.830889;515
2023-06-22 17:08:28.330751;515
2023-06-22 17:08:28.830267;515
2023-06-22 17:08:29.330409;515
2023-06-22 17:08:29.829374;514
2023-06-22 17:08:30.329369;514
2023-06-22 17:08:30.823312;513
2023-06-22 17:08:31.326467;513
2023-06-22 17:08:31.829119;514
2023-06-22 17:08:32.324559;514
2023-06-22 17:08:32.827344;514
2023-06-22 17:08:33.331635;514
2023-06-22 17:08:33.829295;514
2023-06-22 17:08:34.329408;514
2023-06-22 17:08:34.829112;513
2023-06-22 17:08:35.329270;513
2023-06-22 17:08:35.819284;513
2023-06-22 17:08:36.323813;513
2023-06-22 17:08:36.829240;514
2023-06-22 17:08:37.325075;514
2023-06-22 17:08:37.834204;514
2023-06-22 17:08:38.324862;514
2023-06-22 17:08:38.823953;514
2023-06-22 17:08:39.322627;514
2023-06-22 17:08:39.827269;514
2023-06-22 17:08:40.332545;514
2023-06-22 17:08:40.832624;513
2023-06-22 17:08:41.326166;513
2023-06-22 17:08:41.831723;513
2023-06-22 17:08:42.320131;513
2023-06-22 17:08:42.816100;513
2023-06-22 17:08:43.326776;513
2023-06-22 17:08:43.823870;513
2023-06-22 17:08:44.321705;513
2023-06-22 17:08:44.822111;513
2023-06-22 17:08:45.322441;513
2023-06-22 17:08:45.828718;513
2023-06-22 17:08:46.322786;513
2023-06-22 17:08:46.823740;513
2023-06-22 17:08:47.327259;513
2023-06-22 17:08:47.832328;512
2023-06-22 17:08:48.328391;512
2023-06-22 17:08:48.829725;512
2023-06-22 17:08:49.332163;512
2023-06-22 17:08:49.830228;513
2023-06-22 17:08:50.322571;513
2023-06-22 17:08:50.826219;512
2023-06-22 17:08:51.324894;512
2023-06-22 17:08:51.824989;512
2023-06-22 17:08:52.320565;512
2023-06-22 17:08:52.820599;512
2023-06-22 17:08:53.322856;512
2023-06-22 17:08:53.829152;512
2023-06-22 17:08:54.324792;512
2023-06-22 17:08:54.823615;512
2023-06-22 17:08:55.326113;512
2023-06-22 17:08:55.826423;511
2023-06-22 17:08:56.331462;511
2023-06-22 17:08:56.831218;512
2023-06-22 17:08:57.331778;512
2023-06-22 17:08:57.831471;512
2023-06-22 17:08:58.331122;512
2023-06-22 17:08:58.834391;512
2023-06-22 17:08:59.334599;512
2023-06-22 17:08:59.829282;512
2023-06-22 17:09:00.333318;512
2023-06-22 17:09:00.834070;512
2023-06-22 17:09:01.333415;512
2023-06-22 17:09:01.833347;512
2023-06-22 17:09:02.324221;512
2023-06-22 17:09:02.822779;512
2023-06-22 17:09:03.332466;512
2023-06-22 17:09:03.832156;512
2023-06-22 17:09:04.328943;512
2023-06-22 17:09:04.831856;512
2023-06-22 17:09:05.331712;512
2023-06-22 17:09:05.835447;512
2023-06-22 17:09:06.327291;512
2023-06-22 17:09:06.822264;512
2023-06-22 17:09:07.323107;512
2023-06-22 17:09:07.825658;512
2023-06-22 17:09:08.333547;512
2023-06-22 17:09:08.833279;512
2023-06-22 17:09:09.333110;512
2023-06-22 17:09:09.825069;512
2023-06-22 17:09:10.331729;512
2023-06-22 17:09:10.820379;512
2023-06-22 17:09:11.332360;512
2023-06-22 17:09:11.831958;512
2023-06-22 17:09:12.335530;512
2023-06-22 17:09:12.831734;512
2023-06-22 17:09:13.332068;512
2023-06-22 17:09:13.822833;512
2023-06-22 17:09:14.335137;512
2023-06-22 17:09:14.833680;512
2023-06-22 17:09:15.334131;512
2023-06-22 17:09:15.833222;512
2023-06-22 17:09:16.333824;512
2023-06-22 17:09:16.833436;512
2023-06-22 17:09:17.333058;512
2023-06-22 17:09:17.824737;512
2023-06-22 17:09:18.324968;512
2023-06-22 17:09:18.832305;512
2023-06-22 17:09:19.324994;512
2023-06-22 17:09:19.835760;512
2023-06-22 17:09:20.335641;512
2023-06-22 17:09:20.835622;512
2023-06-22 17:09:21.322743;512
2023-06-22 17:09:21.833805;512
2023-06-22 17:09:22.334443;512
2023-06-22 17:09:22.834250;512
2023-06-22 17:09:23.333465;512
2023-06-22 17:09:23.833627;512
2023-06-22 17:09:24.333629;512
2023-06-22 17:09:24.833580;512
2023-06-22 17:09:25.322969;512
2023-06-22 17:09:25.831693;512
2023-06-22 17:09:26.335412;513
2023-06-22 17:09:26.826276;513
2023-06-22 17:09:27.336009;513
2023-06-22 17:09:27.822854;513
2023-06-22 17:09:28.333184;513
2023-06-22 17:09:28.835512;513
2023-06-22 17:09:29.327803;512
2023-06-22 17:09:29.829422;512
2023-06-22 17:09:30.329548;513
2023-06-22 17:09:30.832324;513
2023-06-22 17:09:31.333537;513
2023-06-22 17:09:31.819339;513
2023-06-22 17:09:32.327616;512
2023-06-22 17:09:32.825086;512
2023-06-22 17:09:33.325220;512
2023-06-22 17:09:33.824916;512
2023-06-22 17:09:34.334772;512
2023-06-22 17:09:34.822238;512
2023-06-22 17:09:35.325739;512
2023-06-22 17:09:35.822059;512
2023-06-22 17:09:36.334996;513
2023-06-22 17:09:36.834788;513
2023-06-22 17:09:37.328805;512
2023-06-22 17:09:37.823560;512
2023-06-22 17:09:38.334494;513
2023-06-22 17:09:38.830113;513
2023-06-22 17:09:39.326926;512
2023-06-22 17:09:39.823221;512
2023-06-22 17:09:40.335984;512
2023-06-22 17:09:40.832978;512
2023-06-22 17:09:41.324673;512
2023-06-22 17:09:41.836335;512
2023-06-22 17:09:42.330064;512
2023-06-22 17:09:42.832124;512
2023-06-22 17:09:43.334385;512
2023-06-22 17:09:43.835209;512
2023-06-22 17:09:44.334956;512
2023-06-22 17:09:44.834955;512
2023-06-22 17:09:45.334431;512
2023-06-22 17:09:45.834280;512
2023-06-22 17:09:46.333521;513
2023-06-22 17:09:46.837510;513
2023-06-22 17:09:47.334266;513
2023-06-22 17:09:47.829286;513
2023-06-22 17:09:48.336891;513
2023-06-22 17:09:48.835849;513
2023-06-22 17:09:49.336578;513
2023-06-22 17:09:49.836300;513
2023-06-22 17:09:50.328954;513
2023-06-22 17:09:50.835550;513
2023-06-22 17:09:51.335126;513
2023-06-22 17:09:51.834850;513
2023-06-22 17:09:52.334614;513
2023-06-22 17:09:52.834705;513
2023-06-22 17:09:53.323095;514
2023-06-22 17:09:53.837298;514
2023-06-22 17:09:54.337634;514
2023-06-22 17:09:54.837508;514
2023-06-22 17:09:55.336746;514
2023-06-22 17:09:55.825199;514
2023-06-22 17:09:56.336477;514
2023-06-22 17:09:56.835520;514
2023-06-22 17:09:57.336827;514
2023-06-22 17:09:57.832647;514
2023-06-22 17:09:58.335208;514
2023-06-22 17:09:58.835437;514
2023-06-22 17:09:59.335600;514
2023-06-22 17:09:59.823771;514
2023-06-22 17:10:00.334642;513
2023-06-22 17:10:00.838463;513
2023-06-22 17:10:01.337799;513
2023-06-22 17:10:01.837475;513
2023-06-22 17:10:02.323288;513
2023-06-22 17:10:02.829046;513
2023-06-22 17:10:03.322553;513
2023-06-22 17:10:03.836767;513
2023-06-22 17:10:04.330054;513
2023-06-22 17:10:04.829026;513
2023-06-22 17:10:05.329131;513
2023-06-22 17:10:05.835975;513
2023-06-22 17:10:06.333348;513
2023-06-22 17:10:06.823370;513
2023-06-22 17:10:07.335477;512
2023-06-22 17:10:07.824801;512
2023-06-22 17:10:08.337539;512
2023-06-22 17:10:08.837856;512
2023-06-22 17:10:09.323101;513
2023-06-22 17:10:09.830847;513
2023-06-22 17:10:10.329181;513
2023-06-22 17:10:10.825133;513
2023-06-22 17:10:11.325056;512
2023-06-22 17:10:11.828455;512
2023-06-22 17:10:12.329346;512
2023-06-22 17:10:12.826347;512
2023-06-22 17:10:13.325064;512
2023-06-22 17:10:13.829222;512
2023-06-22 17:10:14.329399;511
2023-06-22 17:10:14.838734;511
2023-06-22 17:10:15.339352;511
2023-06-22 17:10:15.831702;511
2023-06-22 17:10:16.333975;511
2023-06-22 17:10:16.835482;511
2023-06-22 17:10:17.336923;511
2023-06-22 17:10:17.837376;511
2023-06-22 17:10:18.329442;510
2023-06-22 17:10:18.829167;510
2023-06-22 17:10:19.322281;510
2023-06-22 17:10:19.824012;510
2023-06-22 17:10:20.323412;511
2023-06-22 17:10:20.825500;511
2023-06-22 17:10:21.339390;511
2023-06-22 17:10:21.829048;511
2023-06-22 17:10:22.328831;511
2023-06-22 17:10:22.837151;511
2023-06-22 17:10:23.330803;510
2023-06-22 17:10:23.830134;510
2023-06-22 17:10:24.329310;510
2023-06-22 17:10:24.837248;510
2023-06-22 17:10:25.336613;510
2023-06-22 17:10:25.836799;510
2023-06-22 17:10:26.337190;510
2023-06-22 17:10:26.827758;510
2023-06-22 17:10:27.322853;509
2023-06-22 17:10:27.822570;509
2023-06-22 17:10:28.337966;510
2023-06-22 17:10:28.838432;510
2023-06-22 17:10:29.326172;510
2023-06-22 17:10:29.834505;510
2023-06-22 17:10:30.338921;510
2023-06-22 17:10:30.829376;510
2023-06-22 17:10:31.329361;509
2023-06-22 17:10:31.823982;509
2023-06-22 17:10:32.337642;509
2023-06-22 17:10:32.824418;509
2023-06-22 17:10:33.323678;509
2023-06-22 17:10:33.835215;509
2023-06-22 17:10:34.326338;509
2023-06-22 17:10:34.823414;509
2023-06-22 17:10:35.338489;509
2023-06-22 17:10:35.835779;509
2023-06-22 17:10:36.339930;508
2023-06-22 17:10:36.827488;508
2023-06-22 17:10:37.333357;508
2023-06-22 17:10:37.839205;508
2023-06-22 17:10:38.327684;508
2023-06-22 17:10:38.829341;508
2023-06-22 17:10:39.329260;508
2023-06-22 17:10:39.825998;508
2023-06-22 17:10:40.329405;508
2023-06-22 17:10:40.830345;508
2023-06-22 17:10:41.329360;508
2023-06-22 17:10:41.840151;508
2023-06-22 17:10:42.329136;507
2023-06-22 17:10:42.841030;507
2023-06-22 17:10:43.339165;506
2023-06-22 17:10:43.840111;506
2023-06-22 17:10:44.339227;506
2023-06-22 17:10:44.829009;506
2023-06-22 17:10:45.325568;506
2023-06-22 17:10:45.824656;506
2023-06-22 17:10:46.326268;505
2023-06-22 17:10:46.827982;505
2023-06-22 17:10:47.323844;504
2023-06-22 17:10:47.825373;504
2023-06-22 17:10:48.329430;504
2023-06-22 17:10:48.840904;504
2023-06-22 17:10:49.329308;504
2023-06-22 17:10:49.829026;504
2023-06-22 17:10:50.329283;503
2023-06-22 17:10:50.831036;503
2023-06-22 17:10:51.340262;503
2023-06-22 17:10:51.835968;503
2023-06-22 17:10:52.337916;503
2023-06-22 17:10:52.839708;502
2023-06-22 17:10:53.331668;502
2023-06-22 17:10:53.834008;503
2023-06-22 17:10:54.338671;503
2023-06-22 17:10:54.829319;502
2023-06-22 17:10:55.329157;502
2023-06-22 17:10:55.842094;501
2023-06-22 17:10:56.338817;501
2023-06-22 17:10:56.837308;501
2023-06-22 17:10:57.340564;501
2023-06-22 17:10:57.841195;500
2023-06-22 17:10:58.329481;500
2023-06-22 17:10:58.839025;500
2023-06-22 17:10:59.327284;500
2023-06-22 17:10:59.840031;500
2023-06-22 17:11:00.325641;500
2023-06-22 17:11:00.839172;500
2023-06-22 17:11:01.330730;500
2023-06-22 17:11:01.826731;499
2023-06-22 17:11:02.329467;499
2023-06-22 17:11:02.840812;498
2023-06-22 17:11:03.341325;498
2023-06-22 17:11:03.827320;498
2023-06-22 17:11:04.341026;498
2023-06-22 17:11:04.840399;497
2023-06-22 17:11:05.326196;497
2023-06-22 17:11:05.828979;497
2023-06-22 17:11:06.325898;497
2023-06-22 17:11:06.830403;497
2023-06-22 17:11:07.330634;497
2023-06-22 17:11:07.825454;496
2023-06-22 17:11:08.329075;496
2023-06-22 17:11:08.825924;496
2023-06-22 17:11:09.329326;496
2023-06-22 17:11:09.828999;496
2023-06-22 17:11:10.340759;496
2023-06-22 17:11:10.831458;496
2023-06-22 17:11:11.341410;496
2023-06-22 17:11:11.841639;497
2023-06-22 17:11:12.326585;497
2023-06-22 17:11:12.829254;497
2023-06-22 17:11:13.338605;497
2023-06-22 17:11:13.838939;497
2023-06-22 17:11:14.330150;497
2023-06-22 17:11:14.829401;497
2023-06-22 17:11:15.329010;497
2023-06-22 17:11:15.831235;497
2023-06-22 17:11:16.339192;497
2023-06-22 17:11:16.840766;497
2023-06-22 17:11:17.340515;497
2023-06-22 17:11:17.838220;497
2023-06-22 17:11:18.339747;497
2023-06-22 17:11:18.840572;497
2023-06-22 17:11:19.325679;497
2023-06-22 17:11:19.827396;497
2023-06-22 17:11:20.341144;497
2023-06-22 17:11:20.833796;497
2023-06-22 17:11:21.340349;497
2023-06-22 17:11:21.830089;498
2023-06-22 17:11:22.330510;498
2023-06-22 17:11:22.839118;498
2023-06-22 17:11:23.329341;498
2023-06-22 17:11:23.841141;497
2023-06-22 17:11:24.330520;497
2023-06-22 17:11:24.834974;497
2023-06-22 17:11:25.340471;497
2023-06-22 17:11:25.842094;497
2023-06-22 17:11:26.338130;497
2023-06-22 17:11:26.840028;497
2023-06-22 17:11:27.340031;497
2023-06-22 17:11:27.829469;497
2023-06-22 17:11:28.329672;497
2023-06-22 17:11:28.826577;497
2023-06-22 17:11:29.339113;497
2023-06-22 17:11:29.830939;497
2023-06-22 17:11:30.342972;497
2023-06-22 17:11:30.843047;497
2023-06-22 17:11:31.333005;497
2023-06-22 17:11:31.835176;496
2023-06-22 17:11:32.342651;496
2023-06-22 17:11:32.842908;496
2023-06-22 17:11:33.339301;496
2023-06-22 17:11:33.841398;496
2023-06-22 17:11:34.340534;496
2023-06-22 17:11:34.840925;496
2023-06-22 17:11:35.328983;496
2023-06-22 17:11:35.829439;495
2023-06-22 17:11:36.332192;495
2023-06-22 17:11:36.838636;495
2023-06-22 17:11:37.342692;495
2023-06-22 17:11:37.841671;494
2023-06-22 17:11:38.341335;494
2023-06-22 17:11:38.842550;494
2023-06-22 17:11:39.342376;494
2023-06-22 17:11:39.839887;494
2023-06-22 17:11:40.339196;494
2023-06-22 17:11:40.842707;494
2023-06-22 17:11:41.339615;494
2023-06-22 17:11:41.841887;494
2023-06-22 17:11:42.330787;494
2023-06-22 17:11:42.841580;493
2023-06-22 17:11:43.329313;493
2023-06-22 17:11:43.839913;493
2023-06-22 17:11:44.341987;493
2023-06-22 17:11:44.842657;493
2023-06-22 17:11:45.343785;493
2023-06-22 17:11:45.840346;493
2023-06-22 17:11:46.343116;493
2023-06-22 17:11:46.827399;492
2023-06-22 17:11:47.341085;492
2023-06-22 17:11:47.841481;492
2023-06-22 17:11:48.334828;492
2023-06-22 17:11:48.829701;492
2023-06-22 17:11:49.329674;492
2023-06-22 17:11:49.841166;493
2023-06-22 17:11:50.338688;493
2023-06-22 17:11:50.830256;493
2023-06-22 17:11:51.340379;493
2023-06-22 17:11:51.844476;493
2023-06-22 17:11:52.343662;493
2023-06-22 17:11:52.842504;493
2023-06-22 17:11:53.340225;493
2023-06-22 17:11:53.840520;492
2023-06-22 17:11:54.340448;492
2023-06-22 17:11:54.840873;491
2023-06-22 17:11:55.337524;491
2023-06-22 17:11:55.841273;491
2023-06-22 17:11:56.341456;491
2023-06-22 17:11:56.840874;492
2023-06-22 17:11:57.329488;492
2023-06-22 17:11:57.844904;491
2023-06-22 17:11:58.344499;491
2023-06-22 17:11:58.840336;491
2023-06-22 17:11:59.343456;491
2023-06-22 17:11:59.841866;491
2023-06-22 17:12:00.341393;491
2023-06-22 17:12:00.841824;491
2023-06-22 17:12:01.339007;491
2023-06-22 17:12:01.841312;490
2023-06-22 17:12:02.338944;490
2023-06-22 17:12:02.842263;491
2023-06-22 17:12:03.341989;491
2023-06-22 17:12:03.842108;491
2023-06-22 17:12:04.339867;491
2023-06-22 17:12:04.841737;490
2023-06-22 17:12:05.344189;490
2023-06-22 17:12:05.844805;490
2023-06-22 17:12:06.342993;490
2023-06-22 17:12:06.844495;490
2023-06-22 17:12:07.340312;490
2023-06-22 17:12:07.839775;490
2023-06-22 17:12:08.340914;490
2023-06-22 17:12:08.840452;490
2023-06-22 17:12:09.339065;490
2023-06-22 17:12:09.841673;489
2023-06-22 17:12:10.341453;489
2023-06-22 17:12:10.841549;489
2023-06-22 17:12:11.340355;489
2023-06-22 17:12:11.839751;489
2023-06-22 17:12:12.344395;489
2023-06-22 17:12:12.841881;489
2023-06-22 17:12:13.338884;489
2023-06-22 17:12:13.840219;488
2023-06-22 17:12:14.343155;488
2023-06-22 17:12:14.832684;488
2023-06-22 17:12:15.339595;488
2023-06-22 17:12:15.834578;487
2023-06-22 17:12:16.330415;487
2023-06-22 17:12:16.829452;487
2023-06-22 17:12:17.329334;487
2023-06-22 17:12:17.840909;487
2023-06-22 17:12:18.341141;487
2023-06-22 17:12:18.841023;486
2023-06-22 17:12:19.341252;486
2023-06-22 17:12:19.843043;486
2023-06-22 17:12:20.341020;486
2023-06-22 17:12:20.844136;486
2023-06-22 17:12:21.344488;486
2023-06-22 17:12:21.844383;486
2023-06-22 17:12:22.343677;486
2023-06-22 17:12:22.829238;485
2023-06-22 17:12:23.343996;485
2023-06-22 17:12:23.842311;485
2023-06-22 17:12:24.341602;485
2023-06-22 17:12:24.841213;484
2023-06-22 17:12:25.345877;484
2023-06-22 17:12:25.843685;484
2023-06-22 17:12:26.346035;484
2023-06-22 17:12:26.845835;484
2023-06-22 17:12:27.344394;484
2023-06-22 17:12:27.844676;484
2023-06-22 17:12:28.342898;484
2023-06-22 17:12:28.843857;483
2023-06-22 17:12:29.342492;483
2023-06-22 17:12:29.843990;483
2023-06-22 17:12:30.343839;483
2023-06-22 17:12:30.841976;482
2023-06-22 17:12:31.339931;482
2023-06-22 17:12:31.842165;482
2023-06-22 17:12:32.338125;482
2023-06-22 17:12:32.838973;482
2023-06-22 17:12:33.341280;481
2023-06-22 17:12:33.842424;481
2023-06-22 17:12:34.340161;481
2023-06-22 17:12:34.839411;481
2023-06-22 17:12:35.340325;480
2023-06-22 17:12:35.840301;480
2023-06-22 17:12:36.345232;480
2023-06-22 17:12:36.843735;480
2023-06-22 17:12:37.343669;480
2023-06-22 17:12:37.840664;480
2023-06-22 17:12:38.343189;479
2023-06-22 17:12:38.838900;479
2023-06-22 17:12:39.345665;479
2023-06-22 17:12:39.846068;479
2023-06-22 17:12:40.342331;478
2023-06-22 17:12:40.842565;478
2023-06-22 17:12:41.340924;478
2023-06-22 17:12:41.843146;478
2023-06-22 17:12:42.345239;478
2023-06-22 17:12:42.838746;478
2023-06-22 17:12:43.344463;477
2023-06-22 17:12:43.838886;477
2023-06-22 17:12:44.339818;478
2023-06-22 17:12:44.840746;478
2023-06-22 17:12:45.343080;478
2023-06-22 17:12:45.840859;478
2023-06-22 17:12:46.345870;477
2023-06-22 17:12:46.840659;477
2023-06-22 17:12:47.345704;476
2023-06-22 17:12:47.845841;476
2023-06-22 17:12:48.345981;476
2023-06-22 17:12:48.845953;476
2023-06-22 17:12:49.345701;476
2023-06-22 17:12:49.845892;476
2023-06-22 17:12:50.343738;475
2023-06-22 17:12:50.844498;475
2023-06-22 17:12:51.344747;475
2023-06-22 17:12:51.840199;475
2023-06-22 17:12:52.343762;474
2023-06-22 17:12:52.842735;474
2023-06-22 17:12:53.344146;474
2023-06-22 17:12:53.846991;474
2023-06-22 17:12:54.345719;473
2023-06-22 17:12:54.847067;473
2023-06-22 17:12:55.346051;472
2023-06-22 17:12:55.841287;472
2023-06-22 17:12:56.345933;472
2023-06-22 17:12:56.845841;472
2023-06-22 17:12:57.342987;472
2023-06-22 17:12:57.840935;472
2023-06-22 17:12:58.343252;472
2023-06-22 17:12:58.843331;472
2023-06-22 17:12:59.343823;472
2023-06-22 17:12:59.846372;472
2023-06-22 17:13:00.346102;471
2023-06-22 17:13:00.843728;471
2023-06-22 17:13:01.340877;471
2023-06-22 17:13:01.846006;471
2023-06-22 17:13:02.339607;471
2023-06-22 17:13:02.843282;471
2023-06-22 17:13:03.345030;471
2023-06-22 17:13:03.845729;471
2023-06-22 17:13:04.342471;472
2023-06-22 17:13:04.846000;472
2023-06-22 17:13:05.342598;472
2023-06-22 17:13:05.845687;472
2023-06-22 17:13:06.343196;472
2023-06-22 17:13:06.846003;472
2023-06-22 17:13:07.342951;471
2023-06-22 17:13:07.839343;471
2023-06-22 17:13:08.345687;471
2023-06-22 17:13:08.845790;471
2023-06-22 17:13:09.346061;471
2023-06-22 17:13:09.846874;471
2023-06-22 17:13:10.347274;471
2023-06-22 17:13:10.845820;471
2023-06-22 17:13:11.346108;470
2023-06-22 17:13:11.845640;470
2023-06-22 17:13:12.346273;471
2023-06-22 17:13:12.842806;471
2023-06-22 17:13:13.341773;472
2023-06-22 17:13:13.842243;472
2023-06-22 17:13:14.348969;476
2023-06-22 17:13:14.845771;476
2023-06-22 17:13:15.345896;479
2023-06-22 17:13:15.848306;479
2023-06-22 17:13:16.348094;481
2023-06-22 17:13:16.847556;481
2023-06-22 17:13:17.345838;483
2023-06-22 17:13:17.844891;483
2023-06-22 17:13:18.345920;485
2023-06-22 17:13:18.845933;485
2023-06-22 17:13:19.345638;486
2023-06-22 17:13:19.842697;486
2023-06-22 17:13:20.345108;487
2023-06-22 17:13:20.845937;487
2023-06-22 17:13:21.346957;487
2023-06-22 17:13:21.844627;487
2023-06-22 17:13:22.346521;488
2023-06-22 17:13:22.847643;488
2023-06-22 17:13:23.343445;489
2023-06-22 17:13:23.839827;489
2023-06-22 17:13:24.343657;490
2023-06-22 17:13:24.841471;490
2023-06-22 17:13:25.346102;490
2023-06-22 17:13:25.846028;490
2023-06-22 17:13:26.346831;491
2023-06-22 17:13:26.845711;491
2023-06-22 17:13:27.345982;491
2023-06-22 17:13:27.845951;491
2023-06-22 17:13:28.345868;492
2023-06-22 17:13:28.847719;492
2023-06-22 17:13:29.348796;492
2023-06-22 17:13:29.849153;492
2023-06-22 17:13:30.345830;492
2023-06-22 17:13:30.841366;492
2023-06-22 17:13:31.343387;492
2023-06-22 17:13:31.847873;492
2023-06-22 17:13:32.345732;493
2023-06-22 17:13:32.833231;493
2023-06-22 17:13:33.345892;492
2023-06-22 17:13:33.842790;492
2023-06-22 17:13:34.343794;493
2023-06-22 17:13:34.842096;493
2023-06-22 17:13:35.340025;492
2023-06-22 17:13:35.847356;492
2023-06-22 17:13:36.347252;492
2023-06-22 17:13:36.841693;492
2023-06-22 17:13:37.341921;494
2023-06-22 17:13:37.843088;494
2023-06-22 17:13:38.342641;493
2023-06-22 17:13:38.845946;493
2023-06-22 17:13:39.346948;493
2023-06-22 17:13:39.842320;493
2023-06-22 17:13:40.347100;493
2023-06-22 17:13:40.847801;493
2023-06-22 17:13:41.347050;493
2023-06-22 17:13:41.847571;493
2023-06-22 17:13:42.341924;494
2023-06-22 17:13:42.842621;494
2023-06-22 17:13:43.349309;493
2023-06-22 17:13:43.847806;493
2023-06-22 17:13:44.345978;493
2023-06-22 17:13:44.842928;493
2023-06-22 17:13:45.342359;493
2023-06-22 17:13:45.844680;493
2023-06-22 17:13:46.347446;494
2023-06-22 17:13:46.848643;494
2023-06-22 17:13:47.345802;494
2023-06-22 17:13:47.846921;494
2023-06-22 17:13:48.346898;494
2023-06-22 17:13:48.843237;494
2023-06-22 17:13:49.347283;494
2023-06-22 17:13:49.846605;494
2023-06-22 17:13:50.343145;494
2023-06-22 17:13:50.849088;494
2023-06-22 17:13:51.343932;494
2023-06-22 17:13:51.847643;494
2023-06-22 17:13:52.347438;494
2023-06-22 17:13:52.846866;494
2023-06-22 17:13:53.347861;495
2023-06-22 17:13:53.849127;495
2023-06-22 17:13:54.346116;494
2023-06-22 17:13:54.848156;494
2023-06-22 17:13:55.341960;494
2023-06-22 17:13:55.843186;494
2023-06-22 17:13:56.343219;494
2023-06-22 17:13:56.841571;494
2023-06-22 17:13:57.342725;494
2023-06-22 17:13:57.850178;494
2023-06-22 17:13:58.342992;494
2023-06-22 17:13:58.839524;494
2023-06-22 17:13:59.347635;494
2023-06-22 17:13:59.848306;494
2023-06-22 17:14:00.349389;494
2023-06-22 17:14:00.847132;494
2023-06-22 17:14:01.345961;494
2023-06-22 17:14:01.847093;494
2023-06-22 17:14:02.345994;494
2023-06-22 17:14:02.849803;494
2023-06-22 17:14:03.346000;493
2023-06-22 17:14:03.843763;493
2023-06-22 17:14:04.342002;493
2023-06-22 17:14:04.841215;493
2023-06-22 17:14:05.349046;494
2023-06-22 17:14:05.850373;494
2023-06-22 17:14:06.345915;493
2023-06-22 17:14:06.848119;493
2023-06-22 17:14:07.345685;494
2023-06-22 17:14:07.844168;494
2023-06-22 17:14:08.342062;494
2023-06-22 17:14:08.841328;494
2023-06-22 17:14:09.351581;494
2023-06-22 17:14:09.852067;494
2023-06-22 17:14:10.348134;494
2023-06-22 17:14:10.845914;494
2023-06-22 17:14:11.346366;493
2023-06-22 17:14:11.850114;493
2023-06-22 17:14:12.351012;493
2023-06-22 17:14:12.849014;493
2023-06-22 17:14:13.350185;493
2023-06-22 17:14:13.845658;493
2023-06-22 17:14:14.342193;493
2023-06-22 17:14:14.848904;493
2023-06-22 17:14:15.344053;493
2023-06-22 17:14:15.843315;493
2023-06-22 17:14:16.352353;493
2023-06-22 17:14:16.851812;493
2023-06-22 17:14:17.351881;492
2023-06-22 17:14:17.847672;492
2023-06-22 17:14:18.349456;491
2023-06-22 17:14:18.851300;491
2023-06-22 17:14:19.347409;489
2023-06-22 17:14:19.850052;489
2023-06-22 17:14:20.348262;489
2023-06-22 17:14:20.850138;488
2023-06-22 17:14:21.350708;488
2023-06-22 17:14:21.847728;487
2023-06-22 17:14:22.349723;487
2023-06-22 17:14:22.848548;486
2023-06-22 17:14:23.350628;486
2023-06-22 17:14:23.849953;485
2023-06-22 17:14:24.349392;485
2023-06-22 17:14:24.851416;483
2023-06-22 17:14:25.345913;483
2023-06-22 17:14:25.849490;482
2023-06-22 17:14:26.345797;482
2023-06-22 17:14:26.846108;481
2023-06-22 17:14:27.344039;481
2023-06-22 17:14:27.845922;481
2023-06-22 17:14:28.345966;481
2023-06-22 17:14:28.845861;480
2023-06-22 17:14:29.346114;480
2023-06-22 17:14:29.853512;480
2023-06-22 17:14:30.353330;480
2023-06-22 17:14:30.852939;478
2023-06-22 17:14:31.345823;478
2023-06-22 17:14:31.851629;478
2023-06-22 17:14:32.352153;478
2023-06-22 17:14:32.846037;478
2023-06-22 17:14:33.347912;478
2023-06-22 17:14:33.851805;477
2023-06-22 17:14:34.350723;477
2023-06-22 17:14:34.851032;476
2023-06-22 17:14:35.343225;476
2023-06-22 17:14:35.848304;476
2023-06-22 17:14:36.349761;476
2023-06-22 17:14:36.850035;476
2023-06-22 17:14:37.346388;476
2023-06-22 17:14:37.851625;476
2023-06-22 17:14:38.348914;476
2023-06-22 17:14:38.848576;476
2023-06-22 17:14:39.350604;476
2023-06-22 17:14:39.850492;475
2023-06-22 17:14:40.350944;475
2023-06-22 17:14:40.852163;475
2023-06-22 17:14:41.347213;475
2023-06-22 17:14:41.851061;475
2023-06-22 17:14:42.350532;475
2023-06-22 17:14:42.850099;475
2023-06-22 17:14:43.353743;475
2023-06-22 17:14:43.854156;475
2023-06-22 17:14:44.349176;475
2023-06-22 17:14:44.844892;474
2023-06-22 17:14:45.346020;474
2023-06-22 17:14:45.845493;474
2023-06-22 17:14:46.343308;474
2023-06-22 17:14:46.838743;474
2023-06-22 17:14:47.352508;474
2023-06-22 17:14:47.851665;474
2023-06-22 17:14:48.346497;474
2023-06-22 17:14:48.845745;474
2023-06-22 17:14:49.341453;474
2023-06-22 17:14:49.850517;474
2023-06-22 17:14:50.345764;474
2023-06-22 17:14:50.846123;473
2023-06-22 17:14:51.354024;473
2023-06-22 17:14:51.853801;473
2023-06-22 17:14:52.351873;473
2023-06-22 17:14:52.843916;472
2023-06-22 17:14:53.347693;472
2023-06-22 17:14:53.842538;472
2023-06-22 17:14:54.341767;472
2023-06-22 17:14:54.844442;472
2023-06-22 17:14:55.351045;472
2023-06-22 17:14:55.842442;472
2023-06-22 17:14:56.343652;472
2023-06-22 17:14:56.842328;472
2023-06-22 17:14:57.344818;472
2023-06-22 17:14:57.841052;471
2023-06-22 17:14:58.355012;471
2023-06-22 17:14:58.840872;471
2023-06-22 17:14:59.342753;471
2023-06-22 17:14:59.848368;471
2023-06-22 17:15:00.341620;471
2023-06-22 17:15:00.844483;471
2023-06-22 17:15:01.345038;471
2023-06-22 17:15:01.847468;471
2023-06-22 17:15:02.347149;471
2023-06-22 17:15:02.850892;470
2023-06-22 17:15:03.341810;470
2023-06-22 17:15:03.851126;470
2023-06-22 17:15:04.345692;470
2023-06-22 17:15:04.847326;471
2023-06-22 17:15:05.354084;471
2023-06-22 17:15:05.842401;470
2023-06-22 17:15:06.346024;470
2023-06-22 17:15:06.847597;470
2023-06-22 17:15:07.346035;470
2023-06-22 17:15:07.845521;470
2023-06-22 17:15:08.342696;470
2023-06-22 17:15:08.847473;470
2023-06-22 17:15:09.346865;470
2023-06-22 17:15:09.843158;470
2023-06-22 17:15:10.342714;470
2023-06-22 17:15:10.842847;470
2023-06-22 17:15:11.343628;470
2023-06-22 17:15:11.848662;470
2023-06-22 17:15:12.343018;470
2023-06-22 17:15:12.854670;470
2023-06-22 17:15:13.352078;470
2023-06-22 17:15:13.847447;470
2023-06-22 17:15:14.354072;470
2023-06-22 17:15:14.846016;471
2023-06-22 17:15:15.347810;471
2023-06-22 17:15:15.848045;471
2023-06-22 17:15:16.345738;471
2023-06-22 17:15:16.846082;471
2023-06-22 17:15:17.347346;471
2023-06-22 17:15:17.845913;477
2023-06-22 17:15:18.347176;477
2023-06-22 17:15:18.846712;504
2023-06-22 17:15:19.349562;504
2023-06-22 17:15:19.850196;549
2023-06-22 17:15:20.352759;549
2023-06-22 17:15:20.843489;601
2023-06-22 17:15:21.347475;601
2023-06-22 17:15:21.845858;637
2023-06-22 17:15:22.346955;637
2023-06-22 17:15:22.849366;671
2023-06-22 17:15:23.351902;671
2023-06-22 17:15:23.852900;698
2023-06-22 17:15:24.350767;698
2023-06-22 17:15:24.856305;716
2023-06-22 17:15:25.352944;716
2023-06-22 17:15:25.854388;733
2023-06-22 17:15:26.356196;733
2023-06-22 17:15:26.856027;741
2023-06-22 17:15:27.342679;741
2023-06-22 17:15:27.855064;748
2023-06-22 17:15:28.347996;748
2023-06-22 17:15:28.854313;757
2023-06-22 17:15:29.341361;757
2023-06-22 17:15:29.854152;761
2023-06-22 17:15:30.353907;761
2023-06-22 17:15:30.849730;764
2023-06-22 17:15:31.346808;764
2023-06-22 17:15:31.850471;766
2023-06-22 17:15:32.345905;766
2023-06-22 17:15:32.841717;767
2023-06-22 17:15:33.344748;767
2023-06-22 17:15:33.853503;768
2023-06-22 17:15:34.345810;768
2023-06-22 17:15:34.848466;770
2023-06-22 17:15:35.346206;770
2023-06-22 17:15:35.843076;772
2023-06-22 17:15:36.354605;772
2023-06-22 17:15:36.854277;773
2023-06-22 17:15:37.348193;773
2023-06-22 17:15:37.845768;775
2023-06-22 17:15:38.349806;775
2023-06-22 17:15:38.856371;776
2023-06-22 17:15:39.355357;776
2023-06-22 17:15:39.849336;777
2023-06-22 17:15:40.347427;777
2023-06-22 17:15:40.841751;778
2023-06-22 17:15:41.345940;778
2023-06-22 17:15:41.843213;780
2023-06-22 17:15:42.348700;780
2023-06-22 17:15:42.845779;781
2023-06-22 17:15:43.347125;781
2023-06-22 17:15:43.854274;783
2023-06-22 17:15:44.344118;783
2023-06-22 17:15:44.845991;783
2023-06-22 17:15:45.346124;783
2023-06-22 17:15:45.844905;784
2023-06-22 17:15:46.344265;784
2023-06-22 17:15:46.845816;785
2023-06-22 17:15:47.344188;785
2023-06-22 17:15:47.846879;786
2023-06-22 17:15:48.350976;786
2023-06-22 17:15:48.847955;786
2023-06-22 17:15:49.341261;786
2023-06-22 17:15:49.854352;786
2023-06-22 17:15:50.345858;786
2023-06-22 17:15:50.853202;786
2023-06-22 17:15:51.344237;786
2023-06-22 17:15:51.854090;786
2023-06-22 17:15:52.348511;786
2023-06-22 17:15:52.845737;786
2023-06-22 17:15:53.347767;786
2023-06-22 17:15:53.845676;786
2023-06-22 17:15:54.345989;786
2023-06-22 17:15:54.850994;786
2023-06-22 17:15:55.346908;786
2023-06-22 17:15:55.849129;786
2023-06-22 17:15:56.348631;786
2023-06-22 17:15:56.847607;786
2023-06-22 17:15:57.351216;786
2023-06-22 17:15:57.848666;786
2023-06-22 17:15:58.348633;786
2023-06-22 17:15:58.847124;782
2023-06-22 17:15:59.352047;782
2023-06-22 17:15:59.845851;768
2023-06-22 17:16:00.348904;768
2023-06-22 17:16:00.848707;747
2023-06-22 17:16:01.347473;747
2023-06-22 17:16:01.847733;724
2023-06-22 17:16:02.348970;724
2023-06-22 17:16:02.848189;702
2023-06-22 17:16:03.348472;702
2023-06-22 17:16:03.848074;688
2023-06-22 17:16:04.346606;688
2023-06-22 17:16:04.852683;670
2023-06-22 17:16:05.355623;670
2023-06-22 17:16:05.848363;657
2023-06-22 17:16:06.358983;657
2023-06-22 17:16:06.849362;644
2023-06-22 17:16:07.351088;644
2023-06-22 17:16:07.851689;633
2023-06-22 17:16:08.353124;633
2023-06-22 17:16:08.856957;624
2023-06-22 17:16:09.355815;624
2023-06-22 17:16:09.857203;616
2023-06-22 17:16:10.345738;616
2023-06-22 17:16:10.848907;608
2023-06-22 17:16:11.346185;608
2023-06-22 17:16:11.844380;601
2023-06-22 17:16:12.350276;601
2023-06-22 17:16:12.843443;601
2023-06-22 17:16:13.344947;594
2023-06-22 17:16:13.850461;594
2023-06-22 17:16:14.346398;589
2023-06-22 17:16:14.844513;589
2023-06-22 17:16:15.356315;582
2023-06-22 17:16:15.845888;582
2023-06-22 17:16:16.346016;575
2023-06-22 17:16:16.851765;575
2023-06-22 17:16:17.352255;568
2023-06-22 17:16:17.849144;568
2023-06-22 17:16:18.349842;564
2023-06-22 17:16:18.854850;564
2023-06-22 17:16:19.350749;559
2023-06-22 17:16:19.859100;559
2023-06-22 17:16:20.349392;554
2023-06-22 17:16:20.853580;554
2023-06-22 17:16:21.348617;549
2023-06-22 17:16:21.857980;549
2023-06-22 17:16:22.357943;545
2023-06-22 17:16:22.851200;545
2023-06-22 17:16:23.347060;542
2023-06-22 17:16:23.854946;542
2023-06-22 17:16:24.346333;538
2023-06-22 17:16:24.844273;538
2023-06-22 17:16:25.351101;534
2023-06-22 17:16:25.845570;534
2023-06-22 17:16:26.346434;530
2023-06-22 17:16:26.859724;530
2023-06-22 17:16:27.360161;527
2023-06-22 17:16:27.844484;527
2023-06-22 17:16:28.359644;525
2023-06-22 17:16:28.859929;525
2023-06-22 17:16:29.352114;524
2023-06-22 17:16:29.858291;524
2023-06-22 17:16:30.358351;523
2023-06-22 17:16:30.853403;523
2023-06-22 17:16:31.346198;522
2023-06-22 17:16:31.845452;522
2023-06-22 17:16:32.346319;520
2023-06-22 17:16:32.849427;520
2023-06-22 17:16:33.354923;519
2023-06-22 17:16:33.860314;519
2023-06-22 17:16:34.346953;517
2023-06-22 17:16:34.848768;517
2023-06-22 17:16:35.346015;516
2023-06-22 17:16:35.854051;516
2023-06-22 17:16:36.349758;516
2023-06-22 17:16:36.845773;516
2023-06-22 17:16:37.349998;515
2023-06-22 17:16:37.847919;515
2023-06-22 17:16:38.352116;514
2023-06-22 17:16:38.843065;514
2023-06-22 17:16:39.352610;514
2023-06-22 17:16:39.844144;514
2023-06-22 17:16:40.343534;513
2023-06-22 17:16:40.861044;513
2023-06-22 17:16:41.351795;512
2023-06-22 17:16:41.845691;512
2023-06-22 17:16:42.360813;512
2023-06-22 17:16:42.846018;512
2023-06-22 17:16:43.345854;511
2023-06-22 17:16:43.846139;511
2023-06-22 17:16:44.346265;510
2023-06-22 17:16:44.845821;510
2023-06-22 17:16:45.359245;509
2023-06-22 17:16:45.845724;509
2023-06-22 17:16:46.343650;508
2023-06-22 17:16:46.844207;508
2023-06-22 17:16:47.358271;507
2023-06-22 17:16:47.859354;507
2023-06-22 17:16:48.347899;506
2023-06-22 17:16:48.858681;506
2023-06-22 17:16:49.350912;506
2023-06-22 17:16:49.858640;506
2023-06-22 17:16:50.360344;505
2023-06-22 17:16:50.859788;505
2023-06-22 17:16:51.357266;505
2023-06-22 17:16:51.858741;505
2023-06-22 17:16:52.349260;504
2023-06-22 17:16:52.845512;504
2023-06-22 17:16:53.345263;504
2023-06-22 17:16:53.846121;504
2023-06-22 17:16:54.360219;503
2023-06-22 17:16:54.861457;503
2023-06-22 17:16:55.350857;503
2023-06-22 17:16:55.861247;503
2023-06-22 17:16:56.352485;502
2023-06-22 17:16:56.847060;502
2023-06-22 17:16:57.345950;502
2023-06-22 17:16:57.847166;502
2023-06-22 17:16:58.351890;501
2023-06-22 17:16:58.851974;501
2023-06-22 17:16:59.359866;501
2023-06-22 17:16:59.850348;501
2023-06-22 17:17:00.359461;500
2023-06-22 17:17:00.846608;500
2023-06-22 17:17:01.362381;500
2023-06-22 17:17:01.862252;500
2023-06-22 17:17:02.361758;499
2023-06-22 17:17:02.861156;499
2023-06-22 17:17:03.361474;499
2023-06-22 17:17:03.847662;499
2023-06-22 17:17:04.349816;499
2023-06-22 17:17:04.845988;499
2023-06-22 17:17:05.345821;499
2023-06-22 17:17:05.845433;499
2023-06-22 17:17:06.345483;499
2023-06-22 17:17:06.857631;499
2023-06-22 17:17:07.350901;499
2023-06-22 17:17:07.848935;499
2023-06-22 17:17:08.362372;498
2023-06-22 17:17:08.857501;498
2023-06-22 17:17:09.360834;498
2023-06-22 17:17:09.861806;498
2023-06-22 17:17:10.358444;497
2023-06-22 17:17:10.860671;497
2023-06-22 17:17:11.360093;497
2023-06-22 17:17:11.850127;497
2023-06-22 17:17:12.355941;497
2023-06-22 17:17:12.850706;497
2023-06-22 17:17:13.346866;497
2023-06-22 17:17:13.857407;497
2023-06-22 17:17:14.359408;496
2023-06-22 17:17:14.846598;496
2023-06-22 17:17:15.362323;496
2023-06-22 17:17:15.862626;496
2023-06-22 17:17:16.360081;496
2023-06-22 17:17:16.862411;496
2023-06-22 17:17:17.361803;495
2023-06-22 17:17:17.862318;495
2023-06-22 17:17:18.351552;495
2023-06-22 17:17:18.847541;495
2023-06-22 17:17:19.361047;494
2023-06-22 17:17:19.849795;494
2023-06-22 17:17:20.353792;494
2023-06-22 17:17:20.854973;494
2023-06-22 17:17:21.350854;493
2023-06-22 17:17:21.845991;493
2023-06-22 17:17:22.362792;493
2023-06-22 17:17:22.862757;493
2023-06-22 17:17:23.362814;492
2023-06-22 17:17:23.862688;492
2023-06-22 17:17:24.362338;492
2023-06-22 17:17:24.862260;492
2023-06-22 17:17:25.361285;491
2023-06-22 17:17:25.850829;491
2023-06-22 17:17:26.361186;491
2023-06-22 17:17:26.847462;491
2023-06-22 17:17:27.348703;491
2023-06-22 17:17:27.849415;491
2023-06-22 17:17:28.360007;491
2023-06-22 17:17:28.863780;491
2023-06-22 17:17:29.351319;491
2023-06-22 17:17:29.863110;491
2023-06-22 17:17:30.362954;491
2023-06-22 17:17:30.862429;491
2023-06-22 17:17:31.362964;489
2023-06-22 17:17:31.859355;489
2023-06-22 17:17:32.361563;490
2023-06-22 17:17:32.862169;490
2023-06-22 17:17:33.359818;490
2023-06-22 17:17:33.846686;490
2023-06-22 17:17:34.345793;489
2023-06-22 17:17:34.860632;489
2023-06-22 17:17:35.346727;489
2023-06-22 17:17:35.864124;489
2023-06-22 17:17:36.360037;489
2023-06-22 17:17:36.856909;489
2023-06-22 17:17:37.363398;488
2023-06-22 17:17:37.863069;488
2023-06-22 17:17:38.362573;488
2023-06-22 17:17:38.862295;488
2023-06-22 17:17:39.358766;488
2023-06-22 17:17:39.861362;488
2023-06-22 17:17:40.361106;488
2023-06-22 17:17:40.848112;488
2023-06-22 17:17:41.348983;488
2023-06-22 17:17:41.848524;488
2023-06-22 17:17:42.360485;488
2023-06-22 17:17:42.862384;488
2023-06-22 17:17:43.363586;488
2023-06-22 17:17:43.862355;488
2023-06-22 17:17:44.363195;488
